customer_id,region,age,marketing_score,quarter,product,sales,revenue,choice
1,East,46,18.34347898661638,Q1,A,129.0085219809616,1334.8146842856627,B
1,East,46,18.34347898661638,Q1,B,115.37050249201442,1190.2787245504637,C
1,East,46,18.34347898661638,Q1,C,105.2959632107271,1103.5613535833168,A
1,East,46,18.34347898661638,Q2,A,146.6150301951913,1469.9671443153422,A
1,East,46,18.34347898661638,Q2,B,116.74823647154997,1225.6138798791028,C
1,East,46,18.34347898661638,Q2,C,115.74858160335091,1178.202911455853,C
1,East,46,18.34347898661638,Q3,A,127.63550076623336,1191.7837541919291,C
1,East,46,18.34347898661638,Q3,B,108.98885424139633,1081.0327030832507,A
1,East,46,18.34347898661638,Q3,C,102.87226420949516,996.839900729195,A
2,North,56,1.3264961159866528,Q1,A,133.6531061023109,1365.0074889447444,B
2,North,56,1.3264961159866528,Q1,B,116.85653601305866,1184.0126071368632,C
2,North,56,1.3264961159866528,Q1,C,117.94506989221148,1211.0510853381154,C
2,North,56,1.3264961159866528,Q2,A,144.56286014597495,1407.0137368917233,B
2,North,56,1.3264961159866528,Q2,B,125.52010683930474,1373.0566373070633,B
2,North,56,1.3264961159866528,Q2,C,126.13594015036954,1175.5385645961453,A
2,North,56,1.3264961159866528,Q3,A,130.21093622166597,1273.7544472763877,B
2,North,56,1.3264961159866528,Q3,B,108.82131627519449,1059.502719218356,B
2,North,56,1.3264961159866528,Q3,C,119.2445444939508,1128.957387585224,A
3,West,62,14.092422497476264,Q1,A,158.34171270673298,1598.6984103113457,C
3,West,62,14.092422497476264,Q1,B,142.26820179698586,1464.062952018439,B
3,West,62,14.092422497476264,Q1,C,127.92034630707941,1305.703720439365,C
3,West,62,14.092422497476264,Q2,A,170.13318316598912,1767.980518340072,A
3,West,62,14.092422497476264,Q2,B,152.98812713948283,1518.248712024046,A
3,West,62,14.092422497476264,Q2,C,149.39070642748285,1521.0927745836598,C
3,West,62,14.092422497476264,Q3,A,137.4374286874098,1530.0694822749404,C
3,West,62,14.092422497476264,Q3,B,137.75840708563737,1368.7156673633815,B
3,West,62,14.092422497476264,Q3,C,121.61210282373358,1212.9113042531333,C
4,North,32,42.75410183585496,Q1,A,130.4300568742912,1284.99784780771,A
4,North,32,42.75410183585496,Q1,B,121.51300183291951,1170.9034103510103,C
4,North,32,42.75410183585496,Q1,C,114.85912379308789,1219.3172821792175,A
4,North,32,42.75410183585496,Q2,A,138.95183567194448,1404.8551846848773,B
4,North,32,42.75410183585496,Q2,B,121.3600338918717,1331.5802067530014,A
4,North,32,42.75410183585496,Q2,C,122.83074248373023,1231.177226127647,B
4,North,32,42.75410183585496,Q3,A,121.77467774988872,1272.4900988439242,C
4,North,32,42.75410183585496,Q3,B,109.5991296785779,1145.1119992467063,A
4,North,32,42.75410183585496,Q3,C,109.22042440829027,984.1419725922296,A
5,West,30,86.07305832563435,Q1,A,157.3657493623112,1561.6724641222315,A
5,West,30,86.07305832563435,Q1,B,151.33174194362294,1408.3948158360834,B
5,West,30,86.07305832563435,Q1,C,136.00383639990162,1329.0885022547875,B
5,West,30,86.07305832563435,Q2,A,174.58081429175698,1657.8161568207502,A
5,West,30,86.07305832563435,Q2,B,155.68936355824903,1556.2989803038215,B
5,West,30,86.07305832563435,Q2,C,152.54670535915386,1521.3800464747064,A
5,West,30,86.07305832563435,Q3,A,149.77432402484908,1617.8938353757037,B
5,West,30,86.07305832563435,Q3,B,134.1254190008671,1333.189550194085,A
5,West,30,86.07305832563435,Q3,C,124.17865099080535,1249.4470592717294,B
6,West,23,24.20552715115004,Q1,A,120.39524121038836,1184.4079230124714,C
6,West,23,24.20552715115004,Q1,B,106.85217999486126,1001.1766762225714,A
6,West,23,24.20552715115004,Q1,C,104.50498459653221,1044.405868346008,C
6,West,23,24.20552715115004,Q2,A,128.7113585134526,1288.6668330780678,A
6,West,23,24.20552715115004,Q2,B,108.58163424078168,1107.028272184213,A
6,West,23,24.20552715115004,Q2,C,105.14457205609854,1115.1437013179598,C
6,West,23,24.20552715115004,Q3,A,113.38462885300395,1119.7448643516097,C
6,West,23,24.20552715115004,Q3,B,100.73404386474064,934.7890904652395,C
6,West,23,24.20552715115004,Q3,C,88.68874370210303,909.9470258275583,C
7,East,47,69.57843993450822,Q1,A,154.57530588552265,1550.910799640244,A
7,East,47,69.57843993450822,Q1,B,133.38040073289343,1425.279410849985,A
7,East,47,69.57843993450822,Q1,C,135.34729322867634,1379.5699361632073,A
7,East,47,69.57843993450822,Q2,A,178.29777900949824,1681.49570333541,C
7,East,47,69.57843993450822,Q2,B,154.6989069831388,1614.528158323002,A
7,East,47,69.57843993450822,Q2,C,144.05254357528517,1486.1393566898264,B
7,East,47,69.57843993450822,Q3,A,154.08820692607745,1587.6118728023025,B
7,East,47,69.57843993450822,Q3,B,129.9094872086142,1293.6669414890027,B
7,East,47,69.57843993450822,Q3,C,132.59222225616682,1339.7101360213346,A
8,West,50,1.8075363615520867,Q1,A,126.54260367105046,1330.6653587076876,C
8,West,50,1.8075363615520867,Q1,B,115.07420343819243,1253.983176910127,C
8,West,50,1.8075363615520867,Q1,C,106.36467261524925,1093.5512415136445,B
8,West,50,1.8075363615520867,Q2,A,148.09172593424842,1468.0867781875281,C
8,West,50,1.8075363615520867,Q2,B,133.24449825528828,1359.9696050381829,B
8,West,50,1.8075363615520867,Q2,C,131.0371564286965,1178.1781186837668,C
8,West,50,1.8075363615520867,Q3,A,119.50129896278541,1263.6067701821912,A
8,West,50,1.8075363615520867,Q3,B,127.79968300127304,1137.2405877798963,A
8,West,50,1.8075363615520867,Q3,C,98.63707119306157,1063.3765420185414,B
9,East,58,95.30718470239532,Q1,A,192.02724502502844,1792.75450240785,C
9,East,58,95.30718470239532,Q1,B,165.86296979823769,1625.2270226515038,C
9,East,58,95.30718470239532,Q1,C,160.0910884790517,1519.0176130724499,B
9,East,58,95.30718470239532,Q2,A,211.44680423230608,2083.5865238824176,B
9,East,58,95.30718470239532,Q2,B,190.28219498194758,1817.0562787723527,C
9,East,58,95.30718470239532,Q2,C,177.0028629181434,1709.9696783676027,B
9,East,58,95.30718470239532,Q3,A,183.9609566016033,1773.0024636857743,A
9,East,58,95.30718470239532,Q3,B,156.79705098701683,1685.0211449001042,A
9,East,58,95.30718470239532,Q3,C,149.28003617941533,1441.5566177294638,B
10,North,41,91.32405525564712,Q1,A,172.34433163175865,1890.32750653502,A
10,North,41,91.32405525564712,Q1,B,150.01245939133244,1521.5350973788613,C
10,North,41,91.32405525564712,Q1,C,138.54090236189404,1367.9988725415826,B
10,North,41,91.32405525564712,Q2,A,196.19374080088417,1833.6697884914424,C
10,North,41,91.32405525564712,Q2,B,179.6446951015936,1587.3507630526738,A
10,North,41,91.32405525564712,Q2,C,159.48327072391155,1594.3863898257016,A
10,North,41,91.32405525564712,Q3,A,156.81503717207087,1596.0655230324328,A
10,North,41,91.32405525564712,Q3,B,142.4461474779954,1490.366897083233,A
10,North,41,91.32405525564712,Q3,C,143.1405359248676,1363.3236293172326,B
11,East,52,63.742990149820656,Q1,A,150.75751105810258,1618.1549556523773,A
11,East,52,63.742990149820656,Q1,B,138.25533009390466,1348.4190384436474,B
11,East,52,63.742990149820656,Q1,C,132.89164500389825,1450.572490457228,B
11,East,52,63.742990149820656,Q2,A,176.39417934091105,1811.300892754089,B
11,East,52,63.742990149820656,Q2,B,160.19366932352452,1621.638774269709,A
11,East,52,63.742990149820656,Q2,C,152.3122957592523,1586.8256936434768,B
11,East,52,63.742990149820656,Q3,A,146.9211969520984,1539.8391495297326,B
11,East,52,63.742990149820656,Q3,B,139.7742536533701,1414.2832677978565,B
11,East,52,63.742990149820656,Q3,C,133.40866528234784,1329.1268654160294,A
12,South,47,64.97736826427634,Q1,A,145.63919517503456,1498.842174160241,B
12,South,47,64.97736826427634,Q1,B,132.82759968311865,1442.7503981383602,A
12,South,47,64.97736826427634,Q1,C,134.8397096980908,1272.4137073719485,C
12,South,47,64.97736826427634,Q2,A,167.84946856611995,1646.4428970896038,B
12,South,47,64.97736826427634,Q2,B,140.61654890631445,1468.0997539874952,A
12,South,47,64.97736826427634,Q2,C,141.12343876986478,1380.4405828423364,C
12,South,47,64.97736826427634,Q3,A,142.40524757735838,1452.0130668633503,C
12,South,47,64.97736826427634,Q3,B,127.31326175168036,1227.9480481390221,A
12,South,47,64.97736826427634,Q3,C,113.13581717294635,1267.6394983358805,B
13,South,51,26.06945282359031,Q1,A,139.68981843903728,1297.329923234935,B
13,South,51,26.06945282359031,Q1,B,121.4380755864889,1184.765738137057,A
13,South,51,26.06945282359031,Q1,C,107.29490102247917,1148.2717855856638,B
13,South,51,26.06945282359031,Q2,A,151.31828736050883,1335.544154370968,C
13,South,51,26.06945282359031,Q2,B,128.5295758604342,1292.2072074679886,B
13,South,51,26.06945282359031,Q2,C,123.94845100936851,1138.5048271051317,C
13,South,51,26.06945282359031,Q3,A,131.2010459890372,1212.391577324692,A
13,South,51,26.06945282359031,Q3,B,107.95878305116575,1043.8303587858975,A
13,South,51,26.06945282359031,Q3,C,111.44862907913614,1050.262542515283,B
14,North,36,38.92016787341631,Q1,A,131.60387111011346,1298.9360000701429,B
14,North,36,38.92016787341631,Q1,B,118.66214160074522,1297.867710694056,B
14,North,36,38.92016787341631,Q1,C,108.9241089921554,1234.7714878675006,C
14,North,36,38.92016787341631,Q2,A,151.8726896721694,1569.7100670428124,A
14,North,36,38.92016787341631,Q2,B,135.4828743349562,1349.647632046896,A
14,North,36,38.92016787341631,Q2,C,133.38506652854957,1263.3964812474267,C
14,North,36,38.92016787341631,Q3,A,128.3757770218565,1234.924969864585,A
14,North,36,38.92016787341631,Q3,B,111.51349074091773,1146.9912141306788,B
14,North,36,38.92016787341631,Q3,C,99.45618215983389,1077.594968591269,A
15,North,39,81.27995672575025,Q1,A,157.64131801978849,1677.6301206755143,C
15,North,39,81.27995672575025,Q1,B,133.16822689446255,1431.0852571957728,C
15,North,39,81.27995672575025,Q1,C,141.1063850668741,1360.1839430104685,C
15,North,39,81.27995672575025,Q2,A,169.12638266781,1749.4781488518665,B
15,North,39,81.27995672575025,Q2,B,155.94111767834673,1591.1185325626843,A
15,North,39,81.27995672575025,Q2,C,153.27335961706854,1541.6576246967218,C
15,North,39,81.27995672575025,Q3,A,155.3777648934971,1533.5869750515376,C
15,North,39,81.27995672575025,Q3,B,133.38823054080726,1373.9665110834894,A
15,North,39,81.27995672575025,Q3,C,131.09764501237288,1300.4014460722976,A
16,West,52,69.54111231066476,Q1,A,177.35301914781806,1760.2653108745121,A
16,West,52,69.54111231066476,Q1,B,168.77793546647743,1718.5631667562952,C
16,West,52,69.54111231066476,Q1,C,164.68178807247602,1496.9128197961193,B
16,West,52,69.54111231066476,Q2,A,198.15967520523117,1921.7300521891202,B
16,West,52,69.54111231066476,Q2,B,175.2689350442935,1746.7807138251092,A
16,West,52,69.54111231066476,Q2,C,170.8148306259122,1784.869049431059,A
16,West,52,69.54111231066476,Q3,A,180.45772017960454,1643.559752203548,A
16,West,52,69.54111231066476,Q3,B,154.02314009240234,1578.8155004445766,A
16,West,52,69.54111231066476,Q3,C,139.44496870096506,1552.0342856534005,B
17,South,62,16.483426113700094,Q1,A,142.73309141255362,1334.9796805199926,B
17,South,62,16.483426113700094,Q1,B,113.59592471050658,1289.3095922678801,B
17,South,62,16.483426113700094,Q1,C,116.66817650734752,1215.3741300597771,A
17,South,62,16.483426113700094,Q2,A,137.0472959840403,1448.0214989729561,A
17,South,62,16.483426113700094,Q2,B,136.09004168159464,1439.354051241042,A
17,South,62,16.483426113700094,Q2,C,126.93854464061702,1271.4722911084982,A
17,South,62,16.483426113700094,Q3,A,133.5691146800531,1330.1263508581594,C
17,South,62,16.483426113700094,Q3,B,114.48839894708071,1080.579001254755,B
17,South,62,16.483426113700094,Q3,C,105.36349635299206,1049.2487470854182,B
18,North,57,61.81282404578958,Q1,A,170.42423503795163,1730.4437825537557,B
18,North,57,61.81282404578958,Q1,B,139.7164843210944,1557.6601507952962,C
18,North,57,61.81282404578958,Q1,C,154.27563128796982,1487.1673777470123,B
18,North,57,61.81282404578958,Q2,A,194.08863447554359,1987.3051299731283,C
18,North,57,61.81282404578958,Q2,B,180.26328929762732,1772.071892706055,C
18,North,57,61.81282404578958,Q2,C,164.384388886817,1672.3032118245294,B
18,North,57,61.81282404578958,Q3,A,171.1276378451516,1570.4181797878812,B
18,North,57,61.81282404578958,Q3,B,144.9090541845748,1498.3401877041713,B
18,North,57,61.81282404578958,Q3,C,141.96086019513527,1301.0585895861611,C
19,West,47,62.20867002278735,Q1,A,160.21436696288788,1684.5354066518057,A
19,West,47,62.20867002278735,Q1,B,151.8271555453279,1538.7374787912518,A
19,West,47,62.20867002278735,Q1,C,145.2995276256723,1365.6364038709849,C
19,West,47,62.20867002278735,Q2,A,187.4373983061143,1809.0500814399325,A
19,West,47,62.20867002278735,Q2,B,166.73057088170117,1718.196779705732,A
19,West,47,62.20867002278735,Q2,C,158.14398621376745,1595.2854589198002,C
19,West,47,62.20867002278735,Q3,A,156.217219835238,1574.9958773551118,A
19,West,47,62.20867002278735,Q3,B,152.67987600337707,1561.7342765405217,B
19,West,47,62.20867002278735,Q3,C,130.15805971499546,1304.4888279508184,B
20,North,64,62.79003894909078,Q1,A,189.1295637236879,1817.709737880076,A
20,North,64,62.79003894909078,Q1,B,167.27615528942218,1665.6369045986912,C
20,North,64,62.79003894909078,Q1,C,155.76661505482434,1456.3226771690463,B
20,North,64,62.79003894909078,Q2,A,204.32052354391715,2113.45635253358,B
20,North,64,62.79003894909078,Q2,B,187.2810749385727,1780.8438524769583,C
20,North,64,62.79003894909078,Q2,C,175.21519585097283,1761.1138617799236,A
20,North,64,62.79003894909078,Q3,A,173.8381067781972,1801.3846996574052,C
20,North,64,62.79003894909078,Q3,B,154.0137082676899,1535.4352808365065,A
20,North,64,62.79003894909078,Q3,C,150.5843872092321,1428.2959950906284,A
21,East,39,32.74973521779147,Q1,A,135.2843138690592,1312.5680447844359,C
21,East,39,32.74973521779147,Q1,B,112.6732187775619,1250.2795660119325,C
21,East,39,32.74973521779147,Q1,C,109.82911768027189,1160.5605989157782,A
21,East,39,32.74973521779147,Q2,A,129.49562615625214,1448.7074712423976,A
21,East,39,32.74973521779147,Q2,B,132.55877931640222,1190.318731866999,B
21,East,39,32.74973521779147,Q2,C,118.5473091067079,1104.1347614503914,B
21,East,39,32.74973521779147,Q3,A,113.51333753991582,1233.2102159246438,B
21,East,39,32.74973521779147,Q3,B,105.370105826676,1021.613476603494,B
21,East,39,32.74973521779147,Q3,C,99.46827947646545,981.1029524926072,C
22,West,26,8.023374566164222,Q1,A,97.32254416262364,1132.5955277871058,C
22,West,26,8.023374566164222,Q1,B,99.72253923968911,1033.920673300534,C
22,West,26,8.023374566164222,Q1,C,94.54751242909323,947.2877752098767,A
22,West,26,8.023374566164222,Q2,A,129.79579873122302,1204.4743771537233,B
22,West,26,8.023374566164222,Q2,B,109.23463988037153,1124.9491397008433,B
22,West,26,8.023374566164222,Q2,C,107.36204025776574,988.8830497718488,B
22,West,26,8.023374566164222,Q3,A,107.54743471713374,1002.706040424365,C
22,West,26,8.023374566164222,Q3,B,98.8475372426528,977.3109415415872,B
22,West,26,8.023374566164222,Q3,C,82.99713733708037,900.3155930854609,A
23,East,20,5.182353682242691,Q1,A,88.02999233058947,904.092814358601,C
23,East,20,5.182353682242691,Q1,B,76.09777548624062,842.47165562474,B
23,East,20,5.182353682242691,Q1,C,90.43164164454946,754.6017789279928,C
23,East,20,5.182353682242691,Q2,A,104.45062570861286,1005.5003814249519,B
23,East,20,5.182353682242691,Q2,B,88.61002869179778,989.3386413874324,A
23,East,20,5.182353682242691,Q2,C,87.17912173375551,867.7744490753188,C
23,East,20,5.182353682242691,Q3,A,88.14840513652327,869.3707002219836,B
23,East,20,5.182353682242691,Q3,B,81.60349504033711,824.2566621250531,B
23,East,20,5.182353682242691,Q3,C,72.34597589472847,768.5168862708,C
24,East,31,52.30654247691193,Q1,A,131.77042746799899,1257.846862900013,A
24,East,31,52.30654247691193,Q1,B,112.16939164366852,1242.0841806530925,B
24,East,31,52.30654247691193,Q1,C,109.55353581945265,1123.3125985584504,A
24,East,31,52.30654247691193,Q2,A,140.24837624187234,1485.38470907301,A
24,East,31,52.30654247691193,Q2,B,120.0881501159853,1180.7360263357816,B
24,East,31,52.30654247691193,Q2,C,123.59489579311195,1196.1094392348289,C
24,East,31,52.30654247691193,Q3,A,109.5987574686335,1282.0647334056102,C
24,East,31,52.30654247691193,Q3,B,101.54672614906946,1146.5842759400327,C
24,East,31,52.30654247691193,Q3,C,102.82373343786188,1081.5943026954928,B
25,East,44,78.85972112245308,Q1,A,156.65323654209706,1547.0081919247434,A
25,East,44,78.85972112245308,Q1,B,140.57074177245536,1449.9426134347077,B
25,East,44,78.85972112245308,Q1,C,134.84873996030203,1443.1225023351458,B
25,East,44,78.85972112245308,Q2,A,180.03274486506763,1722.949631495044,C
25,East,44,78.85972112245308,Q2,B,153.46340965001266,1463.7796762524024,C
25,East,44,78.85972112245308,Q2,C,146.39682207183083,1505.047908374357,C
25,East,44,78.85972112245308,Q3,A,158.07379530087044,1486.3459508292283,C
25,East,44,78.85972112245308,Q3,B,142.83180169548305,1409.452998382717,B
25,East,44,78.85972112245308,Q3,C,124.48321214411922,1221.2888462308003,C
26,South,27,34.25242571785434,Q1,A,105.89708398014098,1006.707849321469,B
26,South,27,34.25242571785434,Q1,B,98.0412788435784,1103.56482551544,A
26,South,27,34.25242571785434,Q1,C,96.08127956039209,870.594642895925,C
26,South,27,34.25242571785434,Q2,A,119.271959637476,1223.53818783945,A
26,South,27,34.25242571785434,Q2,B,107.93679228292106,1090.6307042457374,B
26,South,27,34.25242571785434,Q2,C,97.90299878825724,1074.2548365558428,A
26,South,27,34.25242571785434,Q3,A,110.5011480252233,999.7913650987037,A
26,South,27,34.25242571785434,Q3,B,91.83055508254262,961.8705974090593,B
26,South,27,34.25242571785434,Q3,C,84.01783823633498,846.7798644356614,B
27,East,18,86.98963620621282,Q1,A,138.9688954394211,1288.9520326627262,A
27,East,18,86.98963620621282,Q1,B,120.63371807540435,1101.9589951615153,B
27,East,18,86.98963620621282,Q1,C,102.27360206482277,990.5984058179477,A
27,East,18,86.98963620621282,Q2,A,131.12423404444888,1249.7980569989652,C
27,East,18,86.98963620621282,Q2,B,117.49886044327332,1237.0900970696723,C
27,East,18,86.98963620621282,Q2,C,116.83882101480624,1167.039184864976,C
27,East,18,86.98963620621282,Q3,A,125.15579865975661,1164.7058779262022,C
27,East,18,86.98963620621282,Q3,B,102.87954028805032,1105.488476840179,A
27,East,18,86.98963620621282,Q3,C,100.62297429129326,964.3478820035907,C
28,North,57,50.21950103312426,Q1,A,163.44602125016706,1675.8028513119798,C
28,North,57,50.21950103312426,Q1,B,156.8989902190055,1485.0238037342,B
28,North,57,50.21950103312426,Q1,C,138.94046443235908,1390.7447976055828,A
28,North,57,50.21950103312426,Q2,A,188.94776517906743,1815.4432595403619,C
28,North,57,50.21950103312426,Q2,B,172.1084251358987,1518.687570054504,A
28,North,57,50.21950103312426,Q2,C,162.22007787592446,1456.2270075139552,C
28,North,57,50.21950103312426,Q3,A,156.99897073915122,1549.131103538007,C
28,North,57,50.21950103312426,Q3,B,141.8935538945171,1452.8176753298774,B
28,North,57,50.21950103312426,Q3,C,135.03650194526503,1394.7590605813698,A
29,East,45,83.97888594565705,Q1,A,162.00377427912412,1684.0929232764975,A
29,East,45,83.97888594565705,Q1,B,143.43672295957987,1433.1749772713808,C
29,East,45,83.97888594565705,Q1,C,151.65154230438378,1395.3970734044149,A
29,East,45,83.97888594565705,Q2,A,176.9940440292292,1820.635181667677,A
29,East,45,83.97888594565705,Q2,B,170.23826970683888,1638.598217338716,C
29,East,45,83.97888594565705,Q2,C,156.7434680971519,1479.7207968369437,B
29,East,45,83.97888594565705,Q3,A,153.31863561871972,1609.201154646364,A
29,East,45,83.97888594565705,Q3,B,138.23207197502367,1343.2346354586691,C
29,East,45,83.97888594565705,Q3,C,123.50605062030087,1406.7838115195646,B
30,North,64,62.47612710432511,Q1,A,189.67746622939103,1821.1476898835283,C
30,North,64,62.47612710432511,Q1,B,158.40361400848394,1692.1680963283166,A
30,North,64,62.47612710432511,Q1,C,162.8802135627633,1536.039661374321,A
30,North,64,62.47612710432511,Q2,A,194.3498038784287,2003.9253978488748,B
30,North,64,62.47612710432511,Q2,B,180.08084042966908,1848.0111643547418,B
30,North,64,62.47612710432511,Q2,C,174.07194126157745,1728.423358924842,C
30,North,64,62.47612710432511,Q3,A,173.74078228256525,1821.4957868432166,C
30,North,64,62.47612710432511,Q3,B,166.38456809992914,1583.1591929660694,B
30,North,64,62.47612710432511,Q3,C,142.36552688941984,1528.2277447006197,B
31,South,60,42.17039345532818,Q1,A,155.05534429255405,1552.9734483098882,B
31,South,60,42.17039345532818,Q1,B,126.438231232917,1373.4551443934615,A
31,South,60,42.17039345532818,Q1,C,126.76428196313643,1142.1810811655291,C
31,South,60,42.17039345532818,Q2,A,160.00024021331936,1599.4607026708184,C
31,South,60,42.17039345532818,Q2,B,156.1474830049079,1558.9728895538422,A
31,South,60,42.17039345532818,Q2,C,153.62391346998285,1387.4167615684564,A
31,South,60,42.17039345532818,Q3,A,132.85883590407366,1356.6532222705337,B
31,South,60,42.17039345532818,Q3,B,118.58295733386217,1229.0897106678499,B
31,South,60,42.17039345532818,Q3,C,119.01366057013792,1217.4651781610355,C
32,South,46,38.929561404197656,Q1,A,127.03402210315836,1248.9176530563122,A
32,South,46,38.929561404197656,Q1,B,122.22534313015024,1259.9002765316307,B
32,South,46,38.929561404197656,Q1,C,122.30923336748167,1103.7989189121965,B
32,South,46,38.929561404197656,Q2,A,144.56616400795133,1392.1963252695066,B
32,South,46,38.929561404197656,Q2,B,127.4554973191869,1309.437355236026,B
32,South,46,38.929561404197656,Q2,C,120.69231314304011,1345.852704006957,A
32,South,46,38.929561404197656,Q3,A,125.96690601066753,1233.9341755514665,A
32,South,46,38.929561404197656,Q3,B,116.40082737379738,1205.6710216103472,A
32,South,46,38.929561404197656,Q3,C,109.84628675675054,1034.9519320000181,A
33,West,61,96.76993882070865,Q1,A,218.7513545044384,2108.5041817962947,A
33,West,61,96.76993882070865,Q1,B,185.84372738260151,1913.0924073324518,B
33,West,61,96.76993882070865,Q1,C,188.17199495194203,1851.945107983474,A
33,West,61,96.76993882070865,Q2,A,239.3746257850972,2375.0091540849485,A
33,West,61,96.76993882070865,Q2,B,213.0197654378597,2153.5677754836893,C
33,West,61,96.76993882070865,Q2,C,204.01668643369254,2005.935010317298,B
33,West,61,96.76993882070865,Q3,A,204.91923509349064,2001.9525678547363,C
33,West,61,96.76993882070865,Q3,B,182.62066771759083,1862.2594697373725,B
33,West,61,96.76993882070865,Q3,C,172.32748167077258,1693.437335362485,C
34,South,56,3.700763471549262,Q1,A,114.88910732589994,1244.2007365530897,A
34,South,56,3.700763471549262,Q1,B,110.83408510211858,1073.2967313563263,B
34,South,56,3.700763471549262,Q1,C,102.32253463082992,1043.0259450116234,C
34,South,56,3.700763471549262,Q2,A,134.98350300799504,1410.493532387154,B
34,South,56,3.700763471549262,Q2,B,125.8549805656882,1132.6795600316016,A
34,South,56,3.700763471549262,Q2,C,107.24312012964268,1169.179552910632,C
34,South,56,3.700763471549262,Q3,A,117.09996888300525,1157.1975353939179,C
34,South,56,3.700763471549262,Q3,B,104.64866537812964,1095.6464730707926,C
34,South,56,3.700763471549262,Q3,C,98.32490095275098,956.7016735656689,C
35,North,27,9.169933511143014,Q1,A,107.95465843281926,960.937004227224,A
35,North,27,9.169933511143014,Q1,B,93.76687569101534,944.5888673219209,B
35,North,27,9.169933511143014,Q1,C,94.47269494541318,882.8017951629465,B
35,North,27,9.169933511143014,Q2,A,107.50337599906676,1111.347883463727,C
35,North,27,9.169933511143014,Q2,B,104.62597548841102,1013.2666653905679,C
35,North,27,9.169933511143014,Q2,C,99.34868383065172,1029.700998397469,A
35,North,27,9.169933511143014,Q3,A,100.44785340972851,978.9673215126709,A
35,North,27,9.169933511143014,Q3,B,96.90993385958807,991.7996207660847,A
35,North,27,9.169933511143014,Q3,C,83.93539262018489,854.9448054324562,B
36,East,23,80.07696871298751,Q1,A,123.98991514491897,1330.931939344241,A
36,East,23,80.07696871298751,Q1,B,115.3452150645024,1113.4436037132464,B
36,East,23,80.07696871298751,Q1,C,111.54868633116256,1106.8535886788911,C
36,East,23,80.07696871298751,Q2,A,140.49825427528828,1464.2402858547066,A
36,East,23,80.07696871298751,Q2,B,140.72031437218732,1336.2262405485703,B
36,East,23,80.07696871298751,Q2,C,121.1051736488338,1273.9885799403728,C
36,East,23,80.07696871298751,Q3,A,122.81904723426362,1149.1468221876353,C
36,East,23,80.07696871298751,Q3,B,114.0690963500127,1167.6964910559334,A
36,East,23,80.07696871298751,Q3,C,100.6352218171065,1100.3965221309854,C
37,South,25,69.57142928497501,Q1,A,121.87206828719523,1184.8914681547524,A
37,South,25,69.57142928497501,Q1,B,112.95350187259316,1041.7556273919001,A
37,South,25,69.57142928497501,Q1,C,103.61384981883968,1085.4985844729736,C
37,South,25,69.57142928497501,Q2,A,131.3613209987384,1390.2932259667484,B
37,South,25,69.57142928497501,Q2,B,125.94623573714952,1210.9049673002048,A
37,South,25,69.57142928497501,Q2,C,114.9373541680553,1152.6501208151635,A
37,South,25,69.57142928497501,Q3,A,114.23071443079543,1142.1872179966622,A
37,South,25,69.57142928497501,Q3,B,106.51779504337757,1082.929415410295,B
37,South,25,69.57142928497501,Q3,C,99.81664262387173,950.8003403761687,C
38,North,60,96.13152881849074,Q1,A,207.31079805973826,2016.3600155072793,B
38,North,60,96.13152881849074,Q1,B,180.04717473377147,1777.309966403616,B
38,North,60,96.13152881849074,Q1,C,179.6298424890217,1735.0884857058575,C
38,North,60,96.13152881849074,Q2,A,225.58341872927937,2128.5801533396216,C
38,North,60,96.13152881849074,Q2,B,198.98268407580477,2010.3727515222404,C
38,North,60,96.13152881849074,Q2,C,190.21955188996344,1968.5989987022704,B
38,North,60,96.13152881849074,Q3,A,198.04918971822127,1847.9680875737085,B
38,North,60,96.13152881849074,Q3,B,176.65597808350327,1761.8770335150482,B
38,North,60,96.13152881849074,Q3,C,166.96315108819908,1680.8813338822092,B
39,North,39,62.091551776747714,Q1,A,147.18728126788596,1518.6794987956648,A
39,North,39,62.091551776747714,Q1,B,131.83834159347234,1341.409220835057,A
39,North,39,62.091551776747714,Q1,C,126.82941489361232,1173.084057254798,C
39,North,39,62.091551776747714,Q2,A,164.41512064532787,1588.554043037235,A
39,North,39,62.091551776747714,Q2,B,154.97537027002312,1490.204709478345,C
39,North,39,62.091551776747714,Q2,C,145.8423335686023,1467.8578674492912,C
39,North,39,62.091551776747714,Q3,A,133.2489338066747,1396.4944891648115,B
39,North,39,62.091551776747714,Q3,B,127.02833609184687,1299.9479336370002,A
39,North,39,62.091551776747714,Q3,C,122.87919047713628,1196.7061547266292,B
40,East,61,47.32099066915572,Q1,A,163.70887562018552,1642.790149840659,C
40,East,61,47.32099066915572,Q1,B,153.9283213579657,1333.8924906664129,C
40,East,61,47.32099066915572,Q1,C,132.9741176673372,1393.1219036959733,A
40,East,61,47.32099066915572,Q2,A,177.38664504981438,1714.8840042203526,B
40,East,61,47.32099066915572,Q2,B,156.9933348891177,1693.7999856396812,B
40,East,61,47.32099066915572,Q2,C,148.59611029888205,1491.43602327489,B
40,East,61,47.32099066915572,Q3,A,145.93846320640068,1567.189917565629,C
40,East,61,47.32099066915572,Q3,B,148.32005096972122,1365.806364901964,B
40,East,61,47.32099066915572,Q3,C,143.17256078866313,1283.3183258726337,C
41,North,42,86.01223971892045,Q1,A,163.3403162390792,1679.3664017401534,A
41,North,42,86.01223971892045,Q1,B,152.17148765387265,1467.9870481549597,C
41,North,42,86.01223971892045,Q1,C,154.95904882069374,1428.3590196429238,A
41,North,42,86.01223971892045,Q2,A,183.8878957810495,1851.2714584517043,A
41,North,42,86.01223971892045,Q2,B,162.11185164530713,1666.8174615101773,A
41,North,42,86.01223971892045,Q2,C,150.31694982431944,1517.0721158593658,B
41,North,42,86.01223971892045,Q3,A,168.7548697412366,1629.7065141332403,B
41,North,42,86.01223971892045,Q3,B,145.54924873582226,1444.5369688761089,A
41,North,42,86.01223971892045,Q3,C,144.86137216161498,1375.911001843995,B
42,West,37,33.94501925428061,Q1,A,138.24931066222146,1424.2737118613832,B
42,West,37,33.94501925428061,Q1,B,123.40486449710372,1314.0180364235514,C
42,West,37,33.94501925428061,Q1,C,125.70496627229878,1180.1470117378576,C
42,West,37,33.94501925428061,Q2,A,154.69571608905707,1592.8107322405563,A
42,West,37,33.94501925428061,Q2,B,148.1426730327287,1341.7968448283523,C
42,West,37,33.94501925428061,Q2,C,131.34183942229728,1258.5916196242688,C
42,West,37,33.94501925428061,Q3,A,133.3227671893846,1208.057549222894,C
42,West,37,33.94501925428061,Q3,B,112.07439437312173,1205.3491741576192,C
42,West,37,33.94501925428061,Q3,C,109.11232429997457,1041.1408501092762,C
43,North,24,46.26229567393163,Q1,A,123.52655852811165,1247.6642261359896,A
43,North,24,46.26229567393163,Q1,B,111.29511866094634,1145.340985948983,B
43,North,24,46.26229567393163,Q1,C,104.42313557062232,1085.3636799088324,B
43,North,24,46.26229567393163,Q2,A,133.15652757940717,1425.87633271427,B
43,North,24,46.26229567393163,Q2,B,126.89985630209723,1225.1165227434178,C
43,North,24,46.26229567393163,Q2,C,116.89257851767181,1057.490033406835,B
43,North,24,46.26229567393163,Q3,A,109.06781843971558,1077.1002165676994,B
43,North,24,46.26229567393163,Q3,B,110.79254615679254,1077.9360917118433,C
43,North,24,46.26229567393163,Q3,C,95.7543294490872,1050.7739616110039,B
44,East,59,23.754332492387764,Q1,A,144.1937741026329,1501.8518955388693,B
44,East,59,23.754332492387764,Q1,B,128.88969076887926,1256.5177254638204,B
44,East,59,23.754332492387764,Q1,C,111.50118057738058,1238.4931193322511,B
44,East,59,23.754332492387764,Q2,A,160.0947829447376,1551.8561612464532,A
44,East,59,23.754332492387764,Q2,B,136.4049216344097,1486.8246294990681,A
44,East,59,23.754332492387764,Q2,C,131.10587787343462,1311.3989770655717,B
44,East,59,23.754332492387764,Q3,A,126.62967962131067,1383.763366959416,B
44,East,59,23.754332492387764,Q3,B,122.5775838277285,1176.6903339106261,C
44,East,59,23.754332492387764,Q3,C,110.05713831209987,1089.7666964530995,C
45,North,64,66.38045276218051,Q1,A,193.47119494472074,1869.5103546695448,C
45,North,64,66.38045276218051,Q1,B,167.14224135669488,1705.5741460107522,A
45,North,64,66.38045276218051,Q1,C,157.68073556023512,1570.3382608981526,B
45,North,64,66.38045276218051,Q2,A,209.80171375609132,2057.349304694705,A
45,North,64,66.38045276218051,Q2,B,186.47935078687868,1810.5184587094316,B
45,North,64,66.38045276218051,Q2,C,172.813005728221,1629.4211123589996,C
45,North,64,66.38045276218051,Q3,A,182.61035446579672,1797.6115847177425,C
45,North,64,66.38045276218051,Q3,B,160.9660032738543,1518.543558803627,C
45,North,64,66.38045276218051,Q3,C,146.96873985825408,1533.4135879521202,B
46,North,33,93.98197919268418,Q1,A,155.3073342921559,1614.9789098156805,A
46,North,33,93.98197919268418,Q1,B,144.4565254865742,1398.2011203687414,B
46,North,33,93.98197919268418,Q1,C,134.17172995736064,1362.12306327076,B
46,North,33,93.98197919268418,Q2,A,174.35360995760806,1747.3385904011006,B
46,North,33,93.98197919268418,Q2,B,162.1958753415302,1589.1915147321483,A
46,North,33,93.98197919268418,Q2,C,154.16528582208505,1545.7280768509702,C
46,North,33,93.98197919268418,Q3,A,155.21814182460335,1600.990809101563,B
46,North,33,93.98197919268418,Q3,B,140.94570860380966,1346.5809552009737,A
46,North,33,93.98197919268418,Q3,C,127.05905268152573,1258.304859507902,C
47,West,51,40.4140321651033,Q1,A,165.94289085049942,1538.5749933019129,B
47,West,51,40.4140321651033,Q1,B,147.945484965478,1420.3885698185495,A
47,West,51,40.4140321651033,Q1,C,136.5987074389413,1308.528359793494,A
47,West,51,40.4140321651033,Q2,A,181.54139325757848,1686.8491238895447,B
47,West,51,40.4140321651033,Q2,B,166.36810833794235,1541.6077628022588,A
47,West,51,40.4140321651033,Q2,C,141.8321930704141,1480.7814848160833,A
47,West,51,40.4140321651033,Q3,A,150.48060328059228,1518.22244885433,C
47,West,51,40.4140321651033,Q3,B,145.00626113770602,1418.4527078373735,B
47,West,51,40.4140321651033,Q3,C,129.21030911735295,1372.9854548826543,A
48,South,25,51.908178513621806,Q1,A,111.40234417850552,1135.7388857804278,B
48,South,25,51.908178513621806,Q1,B,94.15284216176835,1031.6106385668575,C
48,South,25,51.908178513621806,Q1,C,101.73473548310011,856.9397830875434,B
48,South,25,51.908178513621806,Q2,A,123.77749366969421,1270.013447582034,C
48,South,25,51.908178513621806,Q2,B,106.45030561941408,1101.2659592458806,A
48,South,25,51.908178513621806,Q2,C,102.51496084891079,1048.814084089103,A
48,South,25,51.908178513621806,Q3,A,110.2983718671793,1197.251246934219,B
48,South,25,51.908178513621806,Q3,B,102.04540220857398,941.0366548660693,C
48,South,25,51.908178513621806,Q3,C,87.64676378074489,926.0879158091176,B
49,South,19,27.262400073353376,Q1,A,91.16274266331858,949.52013881025,C
49,South,19,27.262400073353376,Q1,B,83.76605075222167,890.3536520872668,C
49,South,19,27.262400073353376,Q1,C,82.46628372135285,769.7776244218951,B
49,South,19,27.262400073353376,Q2,A,104.96346873955133,1096.6374163637377,B
49,South,19,27.262400073353376,Q2,B,96.23399850502335,1019.3512998456926,A
49,South,19,27.262400073353376,Q2,C,92.19009962122753,905.26369998219,C
49,South,19,27.262400073353376,Q3,A,92.50890963364567,1025.2369448854097,A
49,South,19,27.262400073353376,Q3,B,85.04072930603809,879.4769106299927,B
49,South,19,27.262400073353376,Q3,C,81.27945725143199,763.1197414790277,A
50,South,44,78.05255152438619,Q1,A,154.57996474118355,1477.6321589300753,C
50,South,44,78.05255152438619,Q1,B,132.14145786419024,1369.0388179652862,B
50,South,44,78.05255152438619,Q1,C,139.09411629856223,1217.9153343245127,C
50,South,44,78.05255152438619,Q2,A,168.13599847033265,1638.194312318812,A
50,South,44,78.05255152438619,Q2,B,148.13336378956203,1484.1069858528344,A
50,South,44,78.05255152438619,Q2,C,146.90162415630624,1488.9568477967077,C
50,South,44,78.05255152438619,Q3,A,140.24972489289317,1361.88168920037,A
50,South,44,78.05255152438619,Q3,B,132.06836745332993,1209.8580908824656,B
50,South,44,78.05255152438619,Q3,C,114.4035121041753,1120.1607411934738,C
51,North,28,99.12559937021884,Q1,A,156.74503627190396,1620.421039916203,C
51,North,28,99.12559937021884,Q1,B,134.76693221819818,1428.506245031695,A
51,North,28,99.12559937021884,Q1,C,125.31120633039751,1272.5860962077827,A
51,North,28,99.12559937021884,Q2,A,164.17795606584653,1796.89862582028,B
51,North,28,99.12559937021884,Q2,B,149.75655057053442,1533.8826264857519,A
51,North,28,99.12559937021884,Q2,C,147.0530694353399,1361.1353316505506,C
51,North,28,99.12559937021884,Q3,A,136.23643661932144,1480.7539768141658,C
51,North,28,99.12559937021884,Q3,B,124.08666606794618,1249.3638683776433,C
51,North,28,99.12559937021884,Q3,C,122.97185479765827,1329.0851681844572,B
52,West,53,96.16657359548132,Q1,A,206.91273818930514,2038.2871863207001,C
52,West,53,96.16657359548132,Q1,B,175.74622299469536,1807.27402547444,A
52,West,53,96.16657359548132,Q1,C,158.62532036090852,1678.0669778388171,C
52,West,53,96.16657359548132,Q2,A,214.93079191771457,2188.1031349260347,A
52,West,53,96.16657359548132,Q2,B,202.67970467707164,2021.7360055945114,A
52,West,53,96.16657359548132,Q2,C,187.70943781794676,1934.6875267976664,B
52,West,53,96.16657359548132,Q3,A,194.40533556839134,1869.072573072304,A
52,West,53,96.16657359548132,Q3,B,172.08210407064306,1836.3363719402803,B
52,West,53,96.16657359548132,Q3,C,158.37785286665797,1559.1557537018891,A
53,North,19,93.69578230310628,Q1,A,128.04832741560995,1397.6931091568915,B
53,North,19,93.69578230310628,Q1,B,134.28513466904772,1178.4915374975164,C
53,North,19,93.69578230310628,Q1,C,118.89000595605215,1139.9241302426667,C
53,North,19,93.69578230310628,Q2,A,151.36143650197693,1504.5784144328338,C
53,North,19,93.69578230310628,Q2,B,137.72235541491835,1458.6679057233005,B
53,North,19,93.69578230310628,Q2,C,131.151651284134,1313.074168192607,B
53,North,19,93.69578230310628,Q3,A,129.49308778359307,1265.8916076960588,B
53,North,19,93.69578230310628,Q3,B,115.16054701288317,1146.1220074424639,B
53,North,19,93.69578230310628,Q3,C,111.06538265997962,1116.6518975721174,A
54,South,42,47.93544401378518,Q1,A,136.46352928514807,1239.1309661646667,A
54,South,42,47.93544401378518,Q1,B,125.66252833888693,1215.0054212555967,A
54,South,42,47.93544401378518,Q1,C,113.55099492639526,1115.382972082464,B
54,South,42,47.93544401378518,Q2,A,143.23325732040263,1401.3025550668663,A
54,South,42,47.93544401378518,Q2,B,130.86588927766596,1332.3110342496404,A
54,South,42,47.93544401378518,Q2,C,126.9568826771522,1210.3326413221419,A
54,South,42,47.93544401378518,Q3,A,125.55184045093881,1241.5307133858964,C
54,South,42,47.93544401378518,Q3,B,111.70870170945929,1202.295467483601,B
54,South,42,47.93544401378518,Q3,C,114.70803069096948,1060.141238436737,C
55,West,32,98.36789252634136,Q1,A,164.5661425701458,1653.2973192578158,A
55,West,32,98.36789252634136,Q1,B,147.10031701204022,1549.1825207052325,C
55,West,32,98.36789252634136,Q1,C,140.33584545847978,1431.2881066306334,C
55,West,32,98.36789252634136,Q2,A,180.45779616162207,1804.0637646318044,A
55,West,32,98.36789252634136,Q2,B,168.2081787556818,1771.5395417419313,C
55,West,32,98.36789252634136,Q2,C,160.88979635305748,1598.72228222238,C
55,West,32,98.36789252634136,Q3,A,152.1807748298365,1578.913413124502,C
55,West,32,98.36789252634136,Q3,B,133.39371434229662,1566.1222219181984,C
55,West,32,98.36789252634136,Q3,C,139.55611062225685,1389.7388507758765,B
56,East,19,13.380373627948872,Q1,A,101.80147114655777,930.3410537503655,A
56,East,19,13.380373627948872,Q1,B,82.7276173967311,874.1785966500626,C
56,East,19,13.380373627948872,Q1,C,73.04744948029287,858.7589999091473,B
56,East,19,13.380373627948872,Q2,A,99.47916172567002,1042.9499790510288,C
56,East,19,13.380373627948872,Q2,B,99.98758111011533,932.1207573665804,C
56,East,19,13.380373627948872,Q2,C,86.8342559229549,915.5140561615657,B
56,East,19,13.380373627948872,Q3,A,78.6930680034918,879.8182415059202,A
56,East,19,13.380373627948872,Q3,B,88.54174929356188,801.3927927033452,A
56,East,19,13.380373627948872,Q3,C,79.000797313609,775.0883415135064,B
57,West,46,27.936771393471638,Q1,A,144.9854688599525,1461.8724964513406,A
57,West,46,27.936771393471638,Q1,B,130.7895490296109,1374.4021363516931,C
57,West,46,27.936771393471638,Q1,C,116.06300155964585,1222.3147486434304,A
57,West,46,27.936771393471638,Q2,A,160.12604690926725,1561.989368122075,C
57,West,46,27.936771393471638,Q2,B,140.94772818972802,1435.9033656845354,A
57,West,46,27.936771393471638,Q2,C,139.93640414263479,1421.0988353844416,C
57,West,46,27.936771393471638,Q3,A,131.41684569393468,1332.944069490299,C
57,West,46,27.936771393471638,Q3,B,121.2827799695819,1303.0988879995707,B
57,West,46,27.936771393471638,Q3,C,118.84232320087965,1138.9034218662978,B
58,South,64,8.217166747642734,Q1,A,135.5658821387927,1390.860210664651,B
58,South,64,8.217166747642734,Q1,B,114.97028545960342,1148.7489414727509,A
58,South,64,8.217166747642734,Q1,C,114.93013150005144,1234.7570436414883,B
58,South,64,8.217166747642734,Q2,A,144.24050128999315,1492.1798176159816,C
58,South,64,8.217166747642734,Q2,B,131.48998999301128,1325.4788576284213,A
58,South,64,8.217166747642734,Q2,C,124.12069585248747,1280.6313154976508,B
58,South,64,8.217166747642734,Q3,A,124.07895165541643,1217.0766696643582,B
58,South,64,8.217166747642734,Q3,B,110.33946250003946,1069.0685540543348,C
58,South,64,8.217166747642734,Q3,C,96.1899318656406,1118.8946911830526,B
59,South,47,92.8317532848577,Q1,A,162.51184297815507,1729.5616951481595,A
59,South,47,92.8317532848577,Q1,B,139.76435629923455,1510.321233006252,B
59,South,47,92.8317532848577,Q1,C,137.49445128591864,1397.4295960729219,A
59,South,47,92.8317532848577,Q2,A,180.87785012581566,1870.1098325261253,C
59,South,47,92.8317532848577,Q2,B,155.91982527916628,1636.2833644374978,B
59,South,47,92.8317532848577,Q2,C,148.02075199549714,1567.0976593086266,A
59,South,47,92.8317532848577,Q3,A,151.90341760178543,1561.7444938165597,A
59,South,47,92.8317532848577,Q3,B,143.20721321751097,1420.3331865824857,C
59,South,47,92.8317532848577,Q3,C,125.43307070298626,1312.148623380773,A
60,South,60,75.81850110765373,Q1,A,173.61797739956174,1774.9415956633884,B
60,South,60,75.81850110765373,Q1,B,162.34300713390343,1564.0387627508674,C
60,South,60,75.81850110765373,Q1,C,149.77999710783857,1457.9536920418914,A
60,South,60,75.81850110765373,Q2,A,186.6574369574549,1812.2822569592697,A
60,South,60,75.81850110765373,Q2,B,171.3104057055504,1703.22891286482,C
60,South,60,75.81850110765373,Q2,C,165.6871717147774,1571.3319954034002,C
60,South,60,75.81850110765373,Q3,A,167.30155296686672,1575.1150048843638,B
60,South,60,75.81850110765373,Q3,B,139.64241008087367,1478.448387321503,A
60,South,60,75.81850110765373,Q3,C,140.96455401119357,1264.655872403016,B
61,South,43,83.99639802821825,Q1,A,156.5700385872327,1564.2408000689322,C
61,South,43,83.99639802821825,Q1,B,140.36276569277763,1395.67987924081,B
61,South,43,83.99639802821825,Q1,C,125.48387931235426,1190.9920350708032,B
61,South,43,83.99639802821825,Q2,A,168.80199693457016,1723.415274651762,A
61,South,43,83.99639802821825,Q2,B,148.9408091587176,1488.515852036351,A
61,South,43,83.99639802821825,Q2,C,143.4323698609945,1383.479766348346,A
61,South,43,83.99639802821825,Q3,A,141.99207531627684,1457.36069825549,B
61,South,43,83.99639802821825,Q3,B,139.6385599647894,1397.650552090545,B
61,South,43,83.99639802821825,Q3,C,135.65335419602087,1213.9701796263246,C
62,East,36,49.82556822634536,Q1,A,137.98706142678986,1291.612232695834,B
62,East,36,49.82556822634536,Q1,B,121.93315948872149,1166.9799633216446,C
62,East,36,49.82556822634536,Q1,C,106.83797291530108,1115.7812118957,C
62,East,36,49.82556822634536,Q2,A,141.26009417716148,1495.6077374946244,C
62,East,36,49.82556822634536,Q2,B,133.48377354879685,1242.5616553740251,C
62,East,36,49.82556822634536,Q2,C,127.66656004225983,1282.121392468995,B
62,East,36,49.82556822634536,Q3,A,120.66623948031886,1350.5763643363582,C
62,East,36,49.82556822634536,Q3,B,112.07603574751924,1084.1126005815102,B
62,East,36,49.82556822634536,Q3,C,111.16956750825422,1112.9767687367505,B
63,West,22,18.447625313363936,Q1,A,103.4803759181228,1046.6214577472858,A
63,West,22,18.447625313363936,Q1,B,103.07100011728681,1078.5878553542836,B
63,West,22,18.447625313363936,Q1,C,94.65875488183387,851.1212681946358,A
63,West,22,18.447625313363936,Q2,A,119.53084338612155,1242.316924784167,A
63,West,22,18.447625313363936,Q2,B,107.58500227651385,1114.3800983726942,A
63,West,22,18.447625313363936,Q2,C,106.81903482704524,1028.3557841088364,B
63,West,22,18.447625313363936,Q3,A,102.57398844558764,1057.1694932384858,C
63,West,22,18.447625313363936,Q3,B,80.15058282453334,937.0247159907468,A
63,West,22,18.447625313363936,Q3,C,86.93500574242663,875.261853790519,A
64,East,37,65.69551562671396,Q1,A,141.6463304778922,1411.2873210940713,C
64,East,37,65.69551562671396,Q1,B,129.70750304637036,1268.2682529782026,B
64,East,37,65.69551562671396,Q1,C,125.39295886241443,1168.0914097784646,B
64,East,37,65.69551562671396,Q2,A,153.9607990755861,1599.3224151108384,A
64,East,37,65.69551562671396,Q2,B,138.09523969062926,1406.555321604011,B
64,East,37,65.69551562671396,Q2,C,120.78633800300831,1373.2776628617826,C
64,East,37,65.69551562671396,Q3,A,134.2855677142446,1338.5474996197656,C
64,East,37,65.69551562671396,Q3,B,121.870724821674,1241.1546732407012,C
64,East,37,65.69551562671396,Q3,C,120.58274017113229,1128.9921281761629,B
65,North,54,98.12970904972467,Q1,A,198.0537639894799,1878.1099347552454,B
65,North,54,98.12970904972467,Q1,B,171.88779091171327,1693.540253562282,C
65,North,54,98.12970904972467,Q1,C,165.37004140546088,1667.0960508428957,A
65,North,54,98.12970904972467,Q2,A,210.4539566566806,2216.37301333598,A
65,North,54,98.12970904972467,Q2,B,193.14446217161176,1978.8480293260063,A
65,North,54,98.12970904972467,Q2,C,186.52742127645098,1700.4634266551998,C
65,North,54,98.12970904972467,Q3,A,186.27572884762975,1934.3584262476982,B
65,North,54,98.12970904972467,Q3,B,168.6970853294272,1637.6446506253715,B
65,North,54,98.12970904972467,Q3,C,158.90436979832023,1612.4124498296287,B
66,West,56,54.543186940690546,Q1,A,176.5023970882756,1727.584138437529,C
66,West,56,54.543186940690546,Q1,B,155.5223825049685,1584.6417664539508,C
66,West,56,54.543186940690546,Q1,C,139.2729990920612,1497.5599751782072,A
66,West,56,54.543186940690546,Q2,A,191.62455379397824,1892.7162836359487,B
66,West,56,54.543186940690546,Q2,B,176.42256556101907,1704.4784886774262,B
66,West,56,54.543186940690546,Q2,C,163.47347434957743,1571.1657665067187,B
66,West,56,54.543186940690546,Q3,A,169.41466861951469,1755.1872790275154,B
66,West,56,54.543186940690546,Q3,B,150.5154392828133,1471.4136416354906,A
66,West,56,54.543186940690546,Q3,C,148.76462294073542,1401.2590672168574,C
67,West,40,82.21031606002255,Q1,A,177.28460569806722,1678.9652956714197,C
67,West,40,82.21031606002255,Q1,B,151.0270873734812,1511.018687225708,A
67,West,40,82.21031606002255,Q1,C,154.49314391495435,1505.2689536243988,C
67,West,40,82.21031606002255,Q2,A,182.10214487536604,1904.8885257238717,B
67,West,40,82.21031606002255,Q2,B,162.93429574755444,1696.184748910551,B
67,West,40,82.21031606002255,Q2,C,156.421571375666,1647.891246251591,C
67,West,40,82.21031606002255,Q3,A,166.14487564566525,1608.4081915013078,C
67,West,40,82.21031606002255,Q3,B,143.2478042674044,1434.0175589028318,A
67,West,40,82.21031606002255,Q3,C,141.77931883873782,1407.0875603684622,A
68,West,47,61.529802506980204,Q1,A,168.41552519660553,1753.5553069031891,A
68,West,47,61.529802506980204,Q1,B,152.79026534611913,1512.3985100777327,A
68,West,47,61.529802506980204,Q1,C,138.43770007437007,1489.1889871496842,B
68,West,47,61.529802506980204,Q2,A,187.07330480192792,1812.6202178299445,C
68,West,47,61.529802506980204,Q2,B,175.57609659076374,1677.3126002455806,B
68,West,47,61.529802506980204,Q2,C,154.73530723160425,1510.6923372459337,C
68,West,47,61.529802506980204,Q3,A,161.57212573488812,1584.0269946688452,B
68,West,47,61.529802506980204,Q3,B,152.93111665981763,1456.4566174459576,A
68,West,47,61.529802506980204,Q3,C,142.48332587664203,1353.074079049873,A
69,North,41,49.421244725029986,Q1,A,142.85841840254903,1503.136730580752,B
69,North,41,49.421244725029986,Q1,B,128.53001564784813,1293.057848012074,B
69,North,41,49.421244725029986,Q1,C,122.3530353131361,1217.1357374991112,B
69,North,41,49.421244725029986,Q2,A,156.57168454054775,1497.3688406116446,B
69,North,41,49.421244725029986,Q2,B,138.18607481271943,1539.7112086549726,B
69,North,41,49.421244725029986,Q2,C,139.88098109838177,1389.9578507728627,B
69,North,41,49.421244725029986,Q3,A,138.2724710267879,1387.6044180612882,A
69,North,41,49.421244725029986,Q3,B,118.37924800500309,1302.1284390310996,C
69,North,41,49.421244725029986,Q3,C,118.78675037626604,1160.7578615001491,A
70,West,40,7.707801195146069,Q1,A,130.00245443821987,1237.727892181467,C
70,West,40,7.707801195146069,Q1,B,108.09524112772918,1097.0817289813278,C
70,West,40,7.707801195146069,Q1,C,104.29801050509597,1140.337200924766,B
70,West,40,7.707801195146069,Q2,A,137.23584651528662,1397.3031962034836,A
70,West,40,7.707801195146069,Q2,B,127.58019486864161,1299.5508673561385,B
70,West,40,7.707801195146069,Q2,C,121.79139656606347,1192.2599917022799,C
70,West,40,7.707801195146069,Q3,A,114.54849680808455,1201.3073931876713,B
70,West,40,7.707801195146069,Q3,B,112.97745620965405,1068.4014704345118,B
70,West,40,7.707801195146069,Q3,C,102.73773399769908,1011.5581960665294,B
71,East,37,1.8000088945214987,Q1,A,105.93487980250868,1076.26048579978,B
71,East,37,1.8000088945214987,Q1,B,100.71396336840732,949.8927242986289,C
71,East,37,1.8000088945214987,Q1,C,95.98562559176365,942.4461881040421,A
71,East,37,1.8000088945214987,Q2,A,123.20261900218071,1161.2552807115094,C
71,East,37,1.8000088945214987,Q2,B,108.71981127799003,1160.7429309495894,A
71,East,37,1.8000088945214987,Q2,C,91.51940918915645,994.6407223171761,C
71,East,37,1.8000088945214987,Q3,A,105.84290651190501,1102.0347261825934,C
71,East,37,1.8000088945214987,Q3,B,97.05990702844439,1008.6143593148612,A
71,East,37,1.8000088945214987,Q3,C,93.37328658275007,877.536794333643,B
72,West,52,26.777667548833417,Q1,A,153.93477911325178,1591.3361477071614,A
72,West,52,26.777667548833417,Q1,B,132.31426776178762,1381.4287834641443,A
72,West,52,26.777667548833417,Q1,C,126.7760865448603,1294.8125112886,C
72,West,52,26.777667548833417,Q2,A,170.65101228404166,1808.2226824627878,C
72,West,52,26.777667548833417,Q2,B,145.0440234764565,1500.9644819916364,C
72,West,52,26.777667548833417,Q2,C,141.5896643819864,1470.4127969113956,A
72,West,52,26.777667548833417,Q3,A,150.66842694159791,1533.0733070536637,A
72,West,52,26.777667548833417,Q3,B,137.11131044868011,1356.487520007614,B
72,West,52,26.777667548833417,Q3,C,118.39551651808078,1182.2110458118627,C
73,East,58,50.626605949520275,Q1,A,157.2877809990207,1613.740650838792,A
73,East,58,50.626605949520275,Q1,B,148.39374591032868,1453.9117261632125,C
73,East,58,50.626605949520275,Q1,C,135.23990050149922,1260.0160000435906,B
73,East,58,50.626605949520275,Q2,A,168.91752871830727,1802.414104069103,A
73,East,58,50.626605949520275,Q2,B,157.77234234054984,1588.3135880431123,B
73,East,58,50.626605949520275,Q2,C,147.55012581269807,1538.521883540084,C
73,East,58,50.626605949520275,Q3,A,153.97684896940422,1590.8322864742406,B
73,East,58,50.626605949520275,Q3,B,134.60060207542878,1365.670141367278,A
73,East,58,50.626605949520275,Q3,C,125.62807169507057,1285.5217222761044,A
74,North,41,53.15994646044309,Q1,A,148.50583522158195,1524.9126295729586,C
74,North,41,53.15994646044309,Q1,B,142.28201634860594,1324.727588507678,C
74,North,41,53.15994646044309,Q1,C,129.19014597243708,1249.635369877715,A
74,North,41,53.15994646044309,Q2,A,155.3933508142213,1529.9189447168355,A
74,North,41,53.15994646044309,Q2,B,149.91377702184215,1537.1028793472235,A
74,North,41,53.15994646044309,Q2,C,135.52427121941753,1386.735415377625,A
74,North,41,53.15994646044309,Q3,A,138.26753506399686,1430.3140977316434,B
74,North,41,53.15994646044309,Q3,B,129.07690848752083,1315.6522815588971,A
74,North,41,53.15994646044309,Q3,C,118.07398303671876,1141.9373659510134,A
75,North,29,8.018001408190345,Q1,A,110.67697668705331,1072.758150620966,C
75,North,29,8.018001408190345,Q1,B,103.95653604024733,1039.4046326399962,C
75,North,29,8.018001408190345,Q1,C,91.4068121356996,919.9400091184514,B
75,North,29,8.018001408190345,Q2,A,117.42281567846364,1173.4236389145462,B
75,North,29,8.018001408190345,Q2,B,107.32793769101528,1033.1226163595525,B
75,North,29,8.018001408190345,Q2,C,100.92357812361071,1000.491437904703,C
75,North,29,8.018001408190345,Q3,A,98.5317180224081,1021.9710319985329,C
75,North,29,8.018001408190345,Q3,B,82.64338844782671,961.0358638192585,C
75,North,29,8.018001408190345,Q3,C,92.54447546602557,856.2778654339589,C
76,North,26,30.63134987782127,Q1,A,114.90935240595202,1234.0531243754779,B
76,North,26,30.63134987782127,Q1,B,99.96948053296661,938.3387514770565,C
76,North,26,30.63134987782127,Q1,C,97.0073574683797,999.6311284695199,C
76,North,26,30.63134987782127,Q2,A,118.68373220795395,1337.1824931887186,A
76,North,26,30.63134987782127,Q2,B,114.68446501602065,1133.4777076155422,C
76,North,26,30.63134987782127,Q2,C,102.34824495880522,1089.0401424677616,C
76,North,26,30.63134987782127,Q3,A,105.60426904844236,1082.7550714354165,A
76,North,26,30.63134987782127,Q3,B,87.63601975439143,1010.5615729824133,C
76,North,26,30.63134987782127,Q3,C,91.05150664038418,928.1623740455307,B
77,East,55,84.7139489693785,Q1,A,184.05683461772682,1785.0207890730924,B
77,East,55,84.7139489693785,Q1,B,169.6085355430271,1578.411162020184,A
77,East,55,84.7139489693785,Q1,C,151.39404266620463,1533.4522078232108,A
77,East,55,84.7139489693785,Q2,A,193.5589104638149,1951.9279089681859,B
77,East,55,84.7139489693785,Q2,B,175.42411816299477,1798.4870327572596,C
77,East,55,84.7139489693785,Q2,C,157.3608068200897,1646.0477750841412,A
77,East,55,84.7139489693785,Q3,A,166.98036136219537,1744.0338335726656,A
77,East,55,84.7139489693785,Q3,B,139.0250753027653,1460.4066623210208,B
77,East,55,84.7139489693785,Q3,C,135.9932385241166,1362.6018597073173,B
78,West,22,15.41450431784871,Q1,A,117.66231418225692,1201.5623991579462,B
78,West,22,15.41450431784871,Q1,B,101.38217132552377,956.4590461723391,C
78,West,22,15.41450431784871,Q1,C,87.33276827425199,882.827301366677,C
78,West,22,15.41450431784871,Q2,A,120.0521906270826,1132.892165035903,C
78,West,22,15.41450431784871,Q2,B,98.01324274110422,1116.4929307357081,C
78,West,22,15.41450431784871,Q2,C,101.05544120550095,963.7393348186342,C
78,West,22,15.41450431784871,Q3,A,100.9402431546741,1063.7382297400452,A
78,West,22,15.41450431784871,Q3,B,98.69957517802375,1029.8651427413386,B
78,West,22,15.41450431784871,Q3,C,96.61154184377551,865.8175592910017,A
79,North,54,54.302458395766315,Q1,A,166.81959872311674,1678.8936627447104,A
79,North,54,54.302458395766315,Q1,B,146.26858037938075,1487.506435069121,B
79,North,54,54.302458395766315,Q1,C,138.90945000911321,1421.1887229814456,A
79,North,54,54.302458395766315,Q2,A,180.29776406877997,1919.4548517184896,B
79,North,54,54.302458395766315,Q2,B,165.78089338099835,1637.4907734306255,B
79,North,54,54.302458395766315,Q2,C,145.9249295475926,1610.9969939219702,B
79,North,54,54.302458395766315,Q3,A,170.64091024684404,1620.5752405064218,C
79,North,54,54.302458395766315,Q3,B,142.7483761020265,1294.472936183167,A
79,North,54,54.302458395766315,Q3,C,140.4957213974677,1295.2484237085196,A
80,South,44,40.758420857381694,Q1,A,132.9762970361689,1335.967628240225,C
80,South,44,40.758420857381694,Q1,B,123.16264650088691,1163.1134150641883,C
80,South,44,40.758420857381694,Q1,C,105.30368055081561,1065.6548443168815,A
80,South,44,40.758420857381694,Q2,A,155.07397540512594,1443.6916675569462,C
80,South,44,40.758420857381694,Q2,B,133.49427283983115,1330.1264817106285,B
80,South,44,40.758420857381694,Q2,C,127.51715397607457,1266.3422268675881,B
80,South,44,40.758420857381694,Q3,A,135.0508658491979,1261.5250368129578,A
80,South,44,40.758420857381694,Q3,B,117.19388152733949,1088.091508983874,C
80,South,44,40.758420857381694,Q3,C,110.03995327900522,1078.3975515261125,C
81,South,24,4.416193617783126,Q1,A,97.31816100518385,840.7401018345923,C
81,South,24,4.416193617783126,Q1,B,84.25154646079656,791.7544659407296,A
81,South,24,4.416193617783126,Q1,C,79.91468322074965,800.1086729742549,A
81,South,24,4.416193617783126,Q2,A,102.1562545330821,1057.4976468695631,C
81,South,24,4.416193617783126,Q2,B,86.25790549859326,902.3897285543376,B
81,South,24,4.416193617783126,Q2,C,95.88638444428035,892.6216306325159,A
81,South,24,4.416193617783126,Q3,A,86.85919286387391,897.5127613960684,B
81,South,24,4.416193617783126,Q3,B,78.04344241185196,739.5197187969989,B
81,South,24,4.416193617783126,Q3,C,73.01976577187882,656.1283356085805,B
82,South,43,40.28732826326371,Q1,A,123.98407425940816,1251.5706674455676,C
82,South,43,40.28732826326371,Q1,B,108.11379567905804,1122.8905254457968,B
82,South,43,40.28732826326371,Q1,C,115.37957006001773,1110.273032334988,A
82,South,43,40.28732826326371,Q2,A,142.26612627283,1419.8733940532832,A
82,South,43,40.28732826326371,Q2,B,125.6521701047069,1207.7014632458258,A
82,South,43,40.28732826326371,Q2,C,105.49333814225771,1215.1014664513032,B
82,South,43,40.28732826326371,Q3,A,123.62167061181628,1289.7186158661962,B
82,South,43,40.28732826326371,Q3,B,114.30857402892383,1054.0523004721492,A
82,South,43,40.28732826326371,Q3,C,105.32959418646621,1109.9522932193413,C
83,West,30,91.67916907023351,Q1,A,156.94619683202038,1682.0903569174948,C
83,West,30,91.67916907023351,Q1,B,140.9076230343203,1423.3477649920007,B
83,West,30,91.67916907023351,Q1,C,131.53853834155234,1410.3941932169278,A
83,West,30,91.67916907023351,Q2,A,173.33494712638347,1765.4279219435184,B
83,West,30,91.67916907023351,Q2,B,157.17983397617758,1595.9526097803705,B
83,West,30,91.67916907023351,Q2,C,139.6289082496857,1478.5075306012839,A
83,West,30,91.67916907023351,Q3,A,151.5551196517802,1531.503532295648,A
83,West,30,91.67916907023351,Q3,B,134.78102488755403,1415.3407515884096,B
83,West,30,91.67916907023351,Q3,C,128.74403815419248,1342.6686929026114,A
84,South,29,67.5140061149668,Q1,A,129.4888632501114,1263.5290877000198,A
84,South,29,67.5140061149668,Q1,B,115.82983364424689,1091.3659530750163,A
84,South,29,67.5140061149668,Q1,C,104.02900698966405,1027.7741622404274,C
84,South,29,67.5140061149668,Q2,A,138.82159546792664,1393.6488605014745,B
84,South,29,67.5140061149668,Q2,B,123.61379114772873,1158.3513021149429,C
84,South,29,67.5140061149668,Q2,C,115.43101226493359,1183.2044623498273,A
84,South,29,67.5140061149668,Q3,A,107.38246691742198,1193.576799736393,A
84,South,29,67.5140061149668,Q3,B,102.57652419499388,1072.4996810670625,B
84,South,29,67.5140061149668,Q3,C,100.15029819328336,1032.1935641902219,A
85,North,53,85.03480011198954,Q1,A,187.1722578925343,1783.6705658341343,C
85,North,53,85.03480011198954,Q1,B,169.84263931750175,1721.894704344619,A
85,North,53,85.03480011198954,Q1,C,159.81646992805693,1556.2995664416276,B
85,North,53,85.03480011198954,Q2,A,203.15883783847806,2007.6777186070294,B
85,North,53,85.03480011198954,Q2,B,183.1820748413036,1814.7949556263525,C
85,North,53,85.03480011198954,Q2,C,169.37667272054568,1712.8327820075517,B
85,North,53,85.03480011198954,Q3,A,176.00752210432108,1822.5759156327063,C
85,North,53,85.03480011198954,Q3,B,149.74574950616397,1517.0326698189683,B
85,North,53,85.03480011198954,Q3,C,149.5118734559593,1490.4108633773162,C
86,North,20,40.42897472548691,Q1,A,125.66576766585715,1175.257119972827,A
86,North,20,40.42897472548691,Q1,B,104.93273010292236,1020.3401749006384,B
86,North,20,40.42897472548691,Q1,C,90.65822289757945,1021.3389544746805,C
86,North,20,40.42897472548691,Q2,A,122.7531186273008,1232.8258968282166,C
86,North,20,40.42897472548691,Q2,B,108.65091953649608,1131.4543305180298,C
86,North,20,40.42897472548691,Q2,C,105.03004004808786,1071.7968949251222,B
86,North,20,40.42897472548691,Q3,A,98.48343183365117,1042.9689056232114,A
86,North,20,40.42897472548691,Q3,B,97.63958190322258,1048.7540118438858,A
86,North,20,40.42897472548691,Q3,C,96.6775184722075,849.7694380095764,C
87,West,64,67.55800919502597,Q1,A,203.49992216039186,1980.888450422264,C
87,West,64,67.55800919502597,Q1,B,176.35521622588675,1849.205446920712,B
87,West,64,67.55800919502597,Q1,C,169.17206284919888,1683.6137321054102,B
87,West,64,67.55800919502597,Q2,A,225.26669251031808,2163.7148239511307,C
87,West,64,67.55800919502597,Q2,B,199.46377750122122,2040.8230613115045,A
87,West,64,67.55800919502597,Q2,C,185.31189908570192,1764.0430126949132,B
87,West,64,67.55800919502597,Q3,A,191.5307892716255,1972.3863596197339,B
87,West,64,67.55800919502597,Q3,B,162.29684229824483,1655.1585908391032,C
87,West,64,67.55800919502597,Q3,C,160.92520212126652,1542.602286552039,B
88,East,62,27.623732497515306,Q1,A,150.33857450388365,1521.2030175996829,C
88,East,62,27.623732497515306,Q1,B,137.40041000416613,1300.4991204385628,A
88,East,62,27.623732497515306,Q1,C,130.88950323407852,1265.1307091628578,B
88,East,62,27.623732497515306,Q2,A,170.19150237614164,1648.7507467498351,A
88,East,62,27.623732497515306,Q2,B,154.30192823496884,1542.990899799548,B
88,East,62,27.623732497515306,Q2,C,135.02120474347768,1396.8749795257118,B
88,East,62,27.623732497515306,Q3,A,147.89799671405697,1387.9168229288211,A
88,East,62,27.623732497515306,Q3,B,131.72134306288794,1293.7133612787088,B
88,East,62,27.623732497515306,Q3,C,132.25031760730087,1118.3970289036595,A
89,East,47,56.087446336261756,Q1,A,149.5231162881356,1554.2735273083224,A
89,East,47,56.087446336261756,Q1,B,132.6838183945485,1377.7280684489542,B
89,East,47,56.087446336261756,Q1,C,128.76907599308606,1232.4449923991276,C
89,East,47,56.087446336261756,Q2,A,165.0320789472922,1664.5149103367703,C
89,East,47,56.087446336261756,Q2,B,152.42918893738013,1479.102850865499,C
89,East,47,56.087446336261756,Q2,C,141.02196179782874,1367.6352007079374,B
89,East,47,56.087446336261756,Q3,A,138.20844041510315,1489.05392484811,A
89,East,47,56.087446336261756,Q3,B,128.2219437567924,1309.4900236326434,B
89,East,47,56.087446336261756,Q3,C,120.51133753300444,1229.8163782634085,B
90,West,47,71.8331175372004,Q1,A,178.5234008459294,1684.5824634583266,C
90,West,47,71.8331175372004,Q1,B,160.2437331247859,1595.1846726096055,A
90,West,47,71.8331175372004,Q1,C,151.0031348267143,1514.185326197704,B
90,West,47,71.8331175372004,Q2,A,189.96732147290467,1947.601012312053,C
90,West,47,71.8331175372004,Q2,B,170.8251542850391,1745.0475617209684,A
90,West,47,71.8331175372004,Q2,C,160.7681099095877,1562.7032206443462,A
90,West,47,71.8331175372004,Q3,A,166.14238034947738,1692.5353154729064,A
90,West,47,71.8331175372004,Q3,B,146.31367732897903,1561.6706268195119,A
90,West,47,71.8331175372004,Q3,C,132.72813842418333,1391.3891793963949,A
91,South,62,25.100138326230027,Q1,A,131.28726764198706,1456.0077342204277,A
91,South,62,25.100138326230027,Q1,B,123.47360246228939,1240.3546048882613,A
91,South,62,25.100138326230027,Q1,C,122.40294092206526,1232.5474078838984,A
91,South,62,25.100138326230027,Q2,A,153.21638383896695,1586.8315768838436,A
91,South,62,25.100138326230027,Q2,B,148.144141357133,1370.908019361652,C
91,South,62,25.100138326230027,Q2,C,122.84162615967841,1281.5560106237053,C
91,South,62,25.100138326230027,Q3,A,129.58697715240328,1274.2932926532394,C
91,South,62,25.100138326230027,Q3,B,127.77409231682681,1179.9922961556379,C
91,South,62,25.100138326230027,Q3,C,112.16430568779305,966.1161332522415,A
92,North,25,18.613589775334795,Q1,A,113.46796485093473,1069.2971893204297,B
92,North,25,18.613589775334795,Q1,B,98.18588292564719,1016.7838156293244,C
92,North,25,18.613589775334795,Q1,C,89.41370875909195,987.4540571490596,C
92,North,25,18.613589775334795,Q2,A,105.31225479450968,1261.759366800743,A
92,North,25,18.613589775334795,Q2,B,105.078832173755,996.1014116569419,A
92,North,25,18.613589775334795,Q2,C,106.71146932264529,909.0852996046779,A
92,North,25,18.613589775334795,Q3,A,100.20331110961776,1037.5261359286594,B
92,North,25,18.613589775334795,Q3,B,90.31310838593109,902.8347346258886,A
92,North,25,18.613589775334795,Q3,C,82.89490042508321,842.9941642483648,C
93,South,64,19.111870949600263,Q1,A,144.99965792431306,1349.2840562561496,C
93,South,64,19.111870949600263,Q1,B,132.9318092443406,1231.128674865561,B
93,South,64,19.111870949600263,Q1,C,113.23351420467561,1125.535830517717,A
93,South,64,19.111870949600263,Q2,A,149.14147790342417,1487.9354948651899,A
93,South,64,19.111870949600263,Q2,B,141.98701134723936,1368.123643706039,B
93,South,64,19.111870949600263,Q2,C,123.5158514660401,1280.7839449139212,B
93,South,64,19.111870949600263,Q3,A,139.79012994163924,1238.9095781171045,A
93,South,64,19.111870949600263,Q3,B,112.79239263067852,1102.4500385242764,B
93,South,64,19.111870949600263,Q3,C,108.46552794869928,1152.303205078109,C
94,South,26,26.884674245284334,Q1,A,101.83554408945378,1149.613896692755,A
94,South,26,26.884674245284334,Q1,B,85.17114760817687,970.7814457773021,A
94,South,26,26.884674245284334,Q1,C,88.80057823255144,826.4393663188348,A
94,South,26,26.884674245284334,Q2,A,123.78369005035444,1293.549453814614,A
94,South,26,26.884674245284334,Q2,B,107.83452763999537,1074.0247968670656,C
94,South,26,26.884674245284334,Q2,C,95.3623495756743,978.3645762515958,B
94,South,26,26.884674245284334,Q3,A,101.61606214332946,1003.9437393612943,A
94,South,26,26.884674245284334,Q3,B,86.61667041854597,861.591431378803,A
94,South,26,26.884674245284334,Q3,C,85.7409809036997,874.3815726815915,C
95,North,18,31.198402032641848,Q1,A,113.27067948016057,898.7959293163905,B
95,North,18,31.198402032641848,Q1,B,97.41256988658878,945.1610574256204,A
95,North,18,31.198402032641848,Q1,C,90.49016752126039,930.6558832643036,C
95,North,18,31.198402032641848,Q2,A,126.90648908215954,1175.4468301165496,A
95,North,18,31.198402032641848,Q2,B,114.84164103818834,1059.4520710776321,B
95,North,18,31.198402032641848,Q2,C,101.97349927218092,983.5599603611873,A
95,North,18,31.198402032641848,Q3,A,99.07879137208448,971.5909983191092,C
95,North,18,31.198402032641848,Q3,B,96.16311953310705,885.2100471579513,A
95,North,18,31.198402032641848,Q3,C,83.0050733855888,901.1250579918399,C
96,East,33,98.19056980765392,Q1,A,146.84071926968065,1569.7844099382576,A
96,East,33,98.19056980765392,Q1,B,129.330152941356,1402.5459316325093,C
96,East,33,98.19056980765392,Q1,C,128.70041665573999,1241.3229539863453,B
96,East,33,98.19056980765392,Q2,A,175.01370022429197,1645.8275264977522,B
96,East,33,98.19056980765392,Q2,B,144.8748720278158,1550.1883645421526,A
96,East,33,98.19056980765392,Q2,C,140.90720681136906,1350.4942433866581,C
96,East,33,98.19056980765392,Q3,A,143.33806136235594,1469.484848688003,B
96,East,33,98.19056980765392,Q3,B,134.0060464680184,1305.3334125577592,A
96,East,33,98.19056980765392,Q3,C,127.51090441382097,1282.8204266404557,C
97,South,40,41.833386410228016,Q1,A,124.29061859372776,1276.5934693225854,A
97,South,40,41.833386410228016,Q1,B,115.84451543064928,1128.816826295835,A
97,South,40,41.833386410228016,Q1,C,100.76267798211725,1077.9162133312868,B
97,South,40,41.833386410228016,Q2,A,140.93459012761852,1391.873739411266,A
97,South,40,41.833386410228016,Q2,B,129.54535701097464,1302.7061162896946,A
97,South,40,41.833386410228016,Q2,C,118.62598189540368,1109.2523012606723,C
97,South,40,41.833386410228016,Q3,A,115.89746999868943,1167.2612478540507,A
97,South,40,41.833386410228016,Q3,B,111.74979227037386,1148.600365101509,B
97,South,40,41.833386410228016,Q3,C,97.94703104702678,1042.1241465699995,C
98,East,44,7.558361385406698,Q1,A,117.89134461331038,1192.3672893838716,B
98,East,44,7.558361385406698,Q1,B,104.47214514009173,1158.30756271676,C
98,East,44,7.558361385406698,Q1,C,94.06411990659157,1047.1068818062543,B
98,East,44,7.558361385406698,Q2,A,125.61451932837,1374.143955010589,C
98,East,44,7.558361385406698,Q2,B,123.07474031599087,1221.9356203250434,B
98,East,44,7.558361385406698,Q2,C,105.00550466913045,1060.307145952812,B
98,East,44,7.558361385406698,Q3,A,111.31830091444735,1137.768199368242,B
98,East,44,7.558361385406698,Q3,B,93.9309807361666,1083.053004154176,A
98,East,44,7.558361385406698,Q3,C,94.38697106632793,953.1654003759877,C
99,North,26,45.02542461428904,Q1,A,122.94396648652096,1259.8024029212995,A
99,North,26,45.02542461428904,Q1,B,118.26584267070467,1146.3164945870371,B
99,North,26,45.02542461428904,Q1,C,104.85113115039023,1040.9712061524724,C
99,North,26,45.02542461428904,Q2,A,137.59380430230385,1373.3137587719195,A
99,North,26,45.02542461428904,Q2,B,108.15823120552855,1251.7012648881982,C
99,North,26,45.02542461428904,Q2,C,124.21370061626467,1223.7305148869,A
99,North,26,45.02542461428904,Q3,A,123.4156911488828,1224.991824659802,A
99,North,26,45.02542461428904,Q3,B,107.38227122074983,1084.260646901651,C
99,North,26,45.02542461428904,Q3,C,99.34981177737313,985.097011804037,B
100,North,60,24.755977027988642,Q1,A,153.06006287135546,1498.1715437604848,C
100,North,60,24.755977027988642,Q1,B,140.3580082553411,1313.0861464857019,B
100,North,60,24.755977027988642,Q1,C,122.9958257343536,1247.2949311704385,B
100,North,60,24.755977027988642,Q2,A,171.2339753052771,1710.9556110835886,C
100,North,60,24.755977027988642,Q2,B,156.44571937368235,1483.9833745594283,C
100,North,60,24.755977027988642,Q2,C,150.51031935560627,1468.3191480662615,C
100,North,60,24.755977027988642,Q3,A,141.9097260846292,1459.1584578276013,B
100,North,60,24.755977027988642,Q3,B,124.27332962602316,1294.555327725281,C
100,North,60,24.755977027988642,Q3,C,115.2782626356525,1252.9157633214588,A
